Player-additional,Age,TS%,RPG,APG,PPG,BPG,SPG,Player,Pos,Pos_og,Year,All Star,MVP
achiupr01,22,0.503,6.5,1.1,9.1,0.6,0.5,Precious Achiuwa,C,C,2022,False,N
adamsst01,28,0.56,10.0,3.4,6.9,0.8,0.9,Steven Adams,C,C,2022,False,N
adebaba01,24,0.608,10.1,3.4,19.1,0.8,1.4,Bam Adebayo,C,C,2022,False,N
aldamsa01,21,0.452,2.7,0.7,4.1,0.3,0.2,Santi Aldama,F,PF,2022,False,N
aldrila01,36,0.604,5.5,0.9,12.9,1.0,0.3,LaMarcus Aldridge,C,C,2022,False,N
alexani01,23,0.482,2.5666666666666664,2.0999999999999996,8.966666666666667,0.3666666666666667,0.6,Nickeil Alexander-Walker,G,SG,2022,False,N
allengr01,26,0.609,3.4,1.5,11.1,0.3,0.7,Grayson Allen,G,SG,2022,False,N
allenja01,23,0.698,10.8,1.6,16.1,1.3,0.8,Jarrett Allen,C,C,2022,True,N
alvarjo01,23,0.52,1.9,2.8,6.1,0.1,1.3,Jose Alvarado,G,PG,2022,False,N
anderju01,28,0.5446666666666666,2.6666666666666665,2.0666666666666664,5.833333333333333,0.3,0.43333333333333335,Justin Anderson,F,SF,2022,False,N
anderky01,28,0.506,5.3,2.7,7.6,0.7,1.1,Kyle Anderson,F,PF,2022,False,N
antetgi01,27,0.633,11.6,5.8,29.9,1.4,1.1,Giannis Antetokounmpo,F,PF,2022,True,N
antetth01,29,0.577,2.1,0.5,3.6,0.3,0.3,Thanasis Antetokounmpo,F,SF,2022,False,N
anthoca01,37,0.579,4.2,1.0,13.3,0.8,0.7,Carmelo Anthony,F,PF,2022,False,N
anthoco01,21,0.519,5.4,5.7,16.3,0.3,0.7,Cole Anthony,G,PG,2022,False,N
anunoog01,24,0.549,5.5,2.6,17.1,0.5,1.5,OG Anunoby,F,SF,2022,False,N
arcidry01,27,0.667,0.8,0.4,1.6,0.0,0.1,Ryan Arcidiacono,G,PG,2022,False,N
arizatr01,36,0.449,3.4,1.1,4.0,0.3,0.5,Trevor Ariza,F,SF,2022,False,N
augusdj01,34,0.6136666666666667,1.2333333333333334,1.8999999999999997,5.333333333333333,0.0,0.3,D.J. Augustin,G,PG,2022,False,N
avdijde01,21,0.536,5.2,2.0,8.4,0.5,0.7,Deni Avdija,F,SF,2022,False,N
ayayijo01,21,0.167,0.4,0.6,0.3,0.0,0.0,Joel Ayayi,G,SG,2022,False,N
aytonde01,23,0.656,10.2,1.4,17.2,0.7,0.7,Deandre Ayton,C,C,2022,False,N
azubuud01,22,0.743,4.2,0.0,4.7,0.6,0.1,Udoka Azubuike,C,C,2022,False,N
baglema01,22,0.5523333333333333,7.0,0.8333333333333334,11.733333333333334,0.4000000000000001,0.5,Marvin Bagley III,F,PF,2022,False,N
ballla01,20,0.554,6.7,7.6,20.1,0.4,1.6,LaMelo Ball,G,PG,2022,True,N
balllo01,24,0.575,5.4,5.1,13.0,0.9,1.8,Lonzo Ball,G,PG,2022,False,N
bambamo01,23,0.582,8.1,1.2,10.6,1.7,0.5,Mo Bamba,C,C,2022,False,N
banede01,23,0.592,4.4,2.7,18.2,0.4,1.2,Desmond Bane,G,SG,2022,False,N
bantoda01,22,0.463,1.9,1.5,3.2,0.2,0.4,Dalano Banton,G,PG,2022,False,N
barbeca01,27,0.0,1.0,1.0,0.0,0.0,0.0,Cat Barber,G,PG,2022,False,N
barneha02,29,0.623,5.6,2.4,16.4,0.2,0.7,Harrison Barnes,F,PF,2022,False,N
barnesc01,20,0.552,7.5,3.5,15.3,0.7,1.1,Scottie Barnes,F,PF,2022,False,N
barrerj01,21,0.511,5.8,3.0,20.0,0.2,0.6,RJ Barrett,F,SF,2022,False,N
bartowi01,31,0.548,4.8,3.9,14.7,0.4,0.8,Will Barton,G,SG,2022,False,N
bassech01,21,0.66,2.7,0.3,3.0,0.7,0.2,Charles Bassey,C,C,2022,False,N
basspa01,26,0.436,2.0,0.0,3.0,0.0,0.5,Paris Bass,F,SF,2022,False,N
bateske01,26,0.578,3.9,0.7,5.7,0.2,0.5,Keita Bates-Diop,F,SF,2022,False,N
batumni01,33,0.608,4.3,1.7,8.3,0.7,1.0,Nicolas Batum,F,PF,2022,False,N
bazemke01,32,0.451,1.8,0.9,3.4,0.2,0.6,Kent Bazemore,F,SF,2022,False,N
bazleda01,21,0.515,6.3,1.4,10.8,1.0,0.8,Darius Bazley,F,PF,2022,False,N
bealbr01,28,0.539,4.7,6.6,23.2,0.4,0.9,Bradley Beal,G,SG,2022,False,N
beaslma01,25,0.544,2.9,1.5,12.1,0.2,0.5,Malik Beasley,G,SG,2022,False,N
belljo01,27,0.0,1.0,0.0,0.0,0.0,1.0,Jordan Bell,C,C,2022,False,N
bembrde01,27,0.5283333333333333,2.5,1.0999999999999999,3.9,0.3,0.7333333333333333,DeAndre' Bembry,F,SF,2022,False,N
bertada01,29,0.5326666666666667,2.1333333333333333,0.6,5.533333333333334,0.2333333333333333,0.3,Dāvis Bertāns,F,PF,2022,False,N
beverpa01,33,0.539,4.1,4.6,9.2,0.9,1.2,Patrick Beverley,G,PG,2022,False,N
beysa01,22,0.529,5.4,2.8,16.1,0.2,0.9,Saddiq Bey,F,SF,2022,False,N
birchkh01,29,0.534,4.3,1.0,4.5,0.5,0.5,Khem Birch,C,C,2022,False,N
bitadgo01,22,0.595,3.5,1.1,7.0,0.8,0.4,Goga Bitadze,C,C,2022,False,N
biyombi01,29,0.596,4.6,0.6,5.8,0.7,0.3,Bismack Biyombo,C,C,2022,False,N
bjeline01,33,0.573,4.1,2.2,6.1,0.4,0.6,Nemanja Bjelica,C,C,2022,False,N
bledser01,32,0.514,3.4,4.2,9.9,0.4,1.3,Eric Bledsoe,G,PG,2022,False,N
blevike01,26,0.41,1.5,0.6,3.1,0.0,0.4,Keljin Blevins,F,SF,2022,False,N
bogdabo01,29,0.562,4.0,3.1,15.1,0.2,1.1,Bogdan Bogdanović,G,SG,2022,False,N
bogdabo02,32,0.599,4.3,1.7,18.1,0.0,0.5,Bojan Bogdanović,F,PF,2022,False,N
bolbo01,22,0.565,1.4,0.4,2.4,0.1,0.1,Bol Bol,F,PF,2022,False,N
bolmale01,21,0.419,1.2,0.6,1.4,0.0,0.2,Leandro Bolmaro,F,SF,2022,False,N
bongais01,22,0.363,0.5,0.3,0.8,0.1,0.5,Isaac Bonga,F,SF,2022,False,N
bookede01,25,0.576,5.0,4.8,26.8,0.4,1.1,Devin Booker,G,SG,2022,True,N
bostobr01,20,0.481,2.2,1.0,6.7,0.3,0.5,Brandon Boston Jr.,G,SG,2022,False,N
bouchch01,29,0.57,6.2,0.3,9.4,0.9,0.6,Chris Boucher,F,PF,2022,False,N
bouknja01,21,0.459,1.7,0.8,4.6,0.0,0.2,James Bouknight,G,SG,2022,False,N
bradlav01,31,0.55,2.2,0.8,6.4,0.1,0.9,Avery Bradley,G,SG,2022,False,N
bradlto01,24,0.6,3.4,0.5,3.0,0.6,0.2,Tony Bradley,C,C,2022,False,N
brazdig01,23,0.52,1.7,0.9,5.0,0.1,0.2,Ignas Brazdeikis,F,SF,2022,False,N
bridgmi01,25,0.627,4.2,2.3,14.2,0.4,1.2,Mikal Bridges,F,SF,2022,False,N
bridgmi02,23,0.593,7.0,3.8,20.2,0.8,0.9,Miles Bridges,F,PF,2022,False,N
brissos01,23,0.53,5.3,1.1,9.1,0.4,0.7,Oshae Brissett,F,SF,2022,False,N
brogdma01,29,0.557,5.1,5.9,19.1,0.4,0.8,Malcolm Brogdon,G,PG,2022,False,N
brookar01,23,0.47,1.8666666666666665,1.0999999999999999,4.7,0.20000000000000004,0.5,Armoni Brooks,G,SG-PG,2022,False,N
brookdi01,26,0.515,3.2,2.8,18.4,0.3,1.1,Dillon Brooks,F,SF,2022,False,N
brownbr01,25,0.575,4.8,2.1,9.0,0.7,1.1,Bruce Brown,F,SF,2022,False,N
brownch02,24,0.3036666666666667,1.1333333333333335,0.3,1.2,0.2333333333333333,0.5333333333333333,Charlie Brown Jr.,G,SG,2022,False,N
brownch05,23,0.37166666666666665,2.966666666666667,0.7000000000000001,5.633333333333333,0.0,0.3666666666666667,Chaundee Brown Jr.,GF,SG-SF,2022,False,N
browngr01,20,0.515,2.8,0.7,4.7,0.5,0.5,Greg Brown III,F,SF,2022,False,N
brownja02,25,0.574,6.1,3.5,23.6,0.3,1.1,Jaylen Brown,F,SF,2022,False,N
brownmo01,22,0.612,3.6666666666666665,0.0,4.6000000000000005,0.39999999999999997,0.20000000000000004,Moses Brown,C,C,2022,False,N
brownst02,26,0.495,3.0,0.7,3.3,0.1,0.3,Sterling Brown,G,SG,2022,False,N
browntr01,22,0.525,3.1,1.0,4.3,0.1,0.5,Troy Brown Jr.,F,SF,2022,False,N
brunsja01,25,0.583,3.9,4.8,16.3,0.0,0.8,Jalen Brunson,G,SG,2022,False,N
bryanth01,24,0.607,4.0,0.9,7.4,0.8,0.2,Thomas Bryant,C,C,2022,False,N
buchash01,25,0.25,1.0,1.0,1.0,0.0,0.5,Shaq Buchanan,G,SG,2022,False,N
bullore01,30,0.558,3.5,1.2,8.6,0.2,0.6,Reggie Bullock,F,SF,2022,False,N
burketr01,29,0.475,0.8,1.4,5.1,0.0,0.3,Trey Burke,G,PG,2022,False,N
burksal01,30,0.559,4.9,3.0,11.7,0.3,1.0,Alec Burks,G,SG,2022,False,N
butleja02,21,0.509,1.1,1.5,3.8,0.2,0.4,Jared Butler,G,SG,2022,False,N
butleji01,32,0.592,5.9,5.5,21.4,0.5,1.6,Jimmy Butler,F,SF,2022,True,N
cacokde01,25,0.675,2.8,0.4,3.1,0.5,0.5,Devontae Cacok,F,PF,2022,False,N
caldwke01,28,0.568,3.4,1.9,13.2,0.3,1.1,Kentavious Caldwell-Pope,G,SG,2022,False,N
campafa01,30,0.503,1.8,3.4,5.1,0.4,1.0,Facundo Campazzo,G,PG,2022,False,N
cancavl01,24,0.657,2.1,1.1,4.1,0.2,0.1,Vlatko Čančar,F,PF,2022,False,N
cannade01,25,0.531,1.2,2.0,10.0,0.6,1.0,Devin Cannady,G,PG,2022,False,N
capelca01,27,0.604,11.9,1.2,11.1,1.3,0.7,Clint Capela,C,C,2022,False,N
careyve01,20,0.5353333333333333,1.7666666666666666,0.0,2.966666666666667,0.13333333333333333,0.3,Vernon Carey Jr.,C,C,2022,False,N
carteje01,26,0.5573333333333333,1.8,1.6666666666666667,4.466666666666667,0.20000000000000004,0.39999999999999997,Jevon Carter,G,PG,2022,False,N
cartewe01,22,0.601,10.5,2.8,15.0,0.7,0.6,Wendell Carter Jr.,F,PF,2022,False,N
carusal01,27,0.528,3.6,4.0,7.4,0.4,1.7,Alex Caruso,G,SG,2022,False,N
caulewi01,28,0.316,1.7,0.5,1.2,0.13333333333333333,0.19999999999999998,Willie Cauley-Stein,C,C,2022,False,N
caverah01,25,1.0,0.0,0.0,2.0,0.0,0.0,Ahmad Caver,G,SG,2022,False,N
champju01,20,0.571,2.0,0.3,2.3,0.1,0.2,Justin Champagnie,F,SF,2022,False,N
cheatzy01,26,0.0,0.0,0.0,0.0,0.0,0.0,Zylan Cheatham,F,SF,2022,False,N
chiozch01,26,0.407,1.1,1.9,2.0,0.0,0.4,Chris Chiozza,G,PG,2022,False,N
chrisjo01,20,0.534,2.5,2.0,7.9,0.2,0.9,Josh Christopher,G,SG,2022,False,N
chrisma01,24,0.518,3.0,0.5,4.5,0.4,0.4,Marquese Chriss,F,PF,2022,False,N
clarkbr01,25,0.66,5.3,1.3,10.4,1.1,0.6,Brandon Clarke,F,PF,2022,False,N
clarkga01,27,0.547,2.4,0.5,2.7,0.2,0.3,Gary Clark,F,PF,2022,False,N
clarkjo01,29,0.532,3.5,2.5,16.0,0.2,0.8,Jordan Clarkson,G,SG,2022,False,N
claxtni01,22,0.672,5.6,0.9,8.7,1.1,0.5,Nic Claxton,C,C,2022,False,N
coffeam01,24,0.598,2.9,1.8,9.0,0.2,0.6,Amir Coffey,G,SG,2022,False,N
collida01,34,0.286,1.3,0.7,1.3,0.0,0.3,Darren Collison,G,PG,2022,False,N
collijo01,24,0.61,7.8,1.8,16.2,1.0,0.6,John Collins,F,PF,2022,False,N
colliza01,24,0.594,5.5,2.2,7.8,0.8,0.5,Zach Collins,C,C,2022,False,N
conlemi01,34,0.572,3.0,5.3,13.7,0.3,1.3,Mike Conley,G,PG,2022,False,N
connapa01,29,0.62,4.2,1.3,9.9,0.2,0.9,Pat Connaughton,F,SF,2022,False,N
cookty01,24,0.643,2.7,0.2,3.4,0.2,0.2,Tyler Cook,F,PF,2022,False,N
coopesh01,20,0.25,0.4,0.4,0.5,0.0,0.0,Sharife Cooper,G,PG,2022,False,N
cornepe01,26,0.418,1.1,0.2,1.1,0.1,0.1,Petr Cornelie,F,PF,2022,False,N
couside01,31,0.568,5.633333333333333,1.4333333333333333,9.0,0.43333333333333335,0.7333333333333334,DeMarcus Cousins,C,C,2022,False,N
covinro01,31,0.5893333333333334,5.433333333333333,1.2333333333333334,8.833333333333334,1.2666666666666666,1.4333333333333333,Robert Covington,F,PF,2022,False,N
craigto01,31,0.5563333333333335,4.033333333333333,1.1666666666666667,6.666666666666667,0.5,0.6333333333333334,Torrey Craig,F,SF,2022,False,N
crowdja01,31,0.541,5.3,1.9,9.4,0.4,1.4,Jae Crowder,F,PF,2022,False,N
culveja01,22,0.433,1.3,0.9,3.5,0.1,0.5,Jarrett Culver,G,SG,2022,False,N
cumbeja01,24,0.5,1.0,0.3,0.7,0.0,0.0,Jarron Cumberland,G,SG,2022,False,N
cunnica01,20,0.504,5.5,5.6,17.4,0.7,1.2,Cade Cunningham,G,SG,2022,False,N
curryse01,31,0.621,3.033333333333333,3.4,14.966666666666667,0.20000000000000004,0.8333333333333334,Seth Curry,G,SG,2022,False,N
curryst01,33,0.601,5.2,6.3,25.5,0.4,1.3,Stephen Curry,G,PG,2022,True,N
davisan02,28,0.578,9.9,3.1,23.2,2.3,1.2,Anthony Davis,C,C,2022,False,N
davised01,32,0.632,2.1,0.2,0.9,0.3,0.1,Ed Davis,C,C,2022,False,N
daviste02,24,0.543,3.1,1.3,10.4,0.4,0.8,Terence Davis,G,SG,2022,False,N
deckga01,26,0.643,0.9,0.7,2.6,0.0,0.1,Gabriel Deck,F,PF,2022,False,N
dedmode01,32,0.632,5.8,0.7,6.3,0.6,0.4,Dewayne Dedmon,C,C,2022,False,N
dekkesa01,27,0.0,0.0,0.0,0.0,0.0,0.0,Sam Dekker,F,PF,2022,False,N
delauja01,23,0.0,1.0,0.0,0.0,0.0,1.0,Javin DeLaurier,C,C,2022,False,N
derozde01,32,0.59,5.2,4.9,27.9,0.3,0.9,DeMar DeRozan,F,PF,2022,True,N
diakima01,25,0.54,4.5,0.2,4.3,0.7,0.4,Mamadi Diakite,F,PF,2022,False,N
diallch01,25,0.517,4.0,0.0,3.7,0.0,0.3,Cheick Diallo,C,C,2022,False,N
diallha01,23,0.541,4.8,1.3,11.0,0.3,1.2,Hamidou Diallo,G,SG,2022,False,N
dienggo01,32,0.624,2.8,0.8,3.5,0.3,0.3,Gorgui Dieng,C,C,2022,False,N
dinwisp01,28,0.556,4.0,4.966666666666667,14.033333333333331,0.2333333333333333,0.6666666666666666,Spencer Dinwiddie,G,PG-SG,2022,False,N
divindo01,25,0.504,3.966666666666667,2.6999999999999997,8.833333333333334,0.20000000000000004,1.0666666666666667,Donte DiVincenzo,G,SG,2022,False,N
doncilu01,22,0.571,9.1,8.7,28.4,0.6,1.2,Luka Dončić,G,PG,2022,True,N
dortlu01,22,0.541,4.2,1.7,17.2,0.4,0.9,Luguentz Dort,G,SG,2022,False,N
dosunay01,22,0.596,2.8,3.3,8.8,0.4,0.8,Ayo Dosunmu,G,SG,2022,False,N
dotsoda01,27,0.5,1.0,0.5,2.0,0.0,0.0,Damyean Dotson,G,SG,2022,False,N
dotsode01,22,0.538,0.8,1.4,2.6,0.0,0.1,Devon Dotson,G,PG,2022,False,N
doumbse01,21,0.717,3.0,0.0,7.0,1.0,1.5,Sekou Doumbouya,F,PF,2022,False,N
dowtije01,24,0.295,1.65,0.925,1.725,0.1,0.475,Jeff Dowtin,G,PG,2022,False,N
doziepj01,25,0.463,3.5,1.6,5.4,0.3,0.6,PJ Dozier,G,SG,2022,False,N
dragigo01,35,0.48500000000000004,3.0333333333333337,3.5666666666666664,7.6000000000000005,0.20000000000000004,0.9333333333333332,Goran Dragić,G,PG,2022,False,N
drumman01,28,0.576,9.466666666666667,1.7333333333333332,8.6,0.9333333333333332,1.0333333333333334,Andre Drummond,C,C,2022,False,N
duartch01,24,0.537,4.1,2.1,13.1,0.2,1.0,Chris Duarte,G,SG,2022,False,N
dukeda01,22,0.444,3.0,0.8,4.7,0.3,0.6,David Duke Jr.,G,PG,2022,False,N
dunnkr01,27,0.482,3.5,5.6,7.6,0.2,1.6,Kris Dunn,G,PG,2022,False,N
duranke01,33,0.634,7.4,6.4,29.9,0.9,0.9,Kevin Durant,F,PF,2022,True,N
echenja01,24,0.0,0.0,0.0,0.0,0.0,0.0,Jaime Echenique,C,C,2022,False,N
edwaran01,20,0.56,4.8,3.8,21.3,0.6,1.5,Anthony Edwards,G,SG,2022,False,N
edwarca01,23,0.378,1.5,3.5,5.8,0.0,0.5,Carsen Edwards,G,SG,2022,False,N
edwarke02,21,0.516,3.6,0.6,5.9,0.5,0.6,Kessler Edwards,F,SF,2022,False,N
edwarro01,25,0.375,1.5,0.0,1.5,0.0,0.0,Rob Edwards,G,SG,2022,False,N
ellebcj01,21,0.491,3.9,1.5,5.8,0.3,0.6,CJ Elleby,F,SF,2022,False,N
ellinwa01,34,0.593,1.8,0.7,6.7,0.1,0.5,Wayne Ellington,G,SG,2022,False,N
embiijo01,27,0.616,11.7,4.2,30.6,1.5,1.1,Joel Embiid,C,C,2022,True,N
ennisja01,31,0.50125,1.85,0.35,4.4750000000000005,0.325,0.325,James Ennis III,F,SF,2022,False,N
eubandr01,24,0.6346666666666666,5.966666666666666,1.2666666666666668,8.966666666666667,0.5666666666666667,0.5,Drew Eubanks,C,C,2022,False,N
fallta01,26,0.398,2.1,0.2,1.1,0.5,0.0,Tacko Fall,C,C,2022,False,N
favorde01,30,0.534,4.7,0.6,5.3,0.3,0.4,Derrick Favors,C,C,2022,False,N
fernabr01,23,0.652,2.1999999999999997,0.2333333333333333,3.6,0.46666666666666673,0.03333333333333333,Bruno Fernando,C,C,2022,False,N
finnedo01,28,0.604,4.7,1.9,11.0,0.5,1.1,Dorian Finney-Smith,F,PF,2022,False,N
fittsma01,24,0.5453333333333333,1.1333333333333333,0.3,1.3999999999999997,0.0,0.0,Malik Fitts,F,PF,2022,False,N
flynnma01,23,0.488,1.4,1.6,4.3,0.1,0.5,Malachi Flynn,G,PG,2022,False,N
forbebr01,28,0.5746666666666665,1.2333333333333332,1.0,8.833333333333334,0.10000000000000002,0.3,Bryn Forbes,G,SG,2022,False,N
fordal03,24,0.35,3.0,0.4,2.8,0.0,0.2,Aleem Ford,F,SF,2022,False,N
forretr01,23,0.554,1.7,1.8,3.3,0.1,0.5,Trent Forrest,G,PG,2022,False,N
fournev01,29,0.554,2.6,2.1,14.1,0.3,1.0,Evan Fournier,G,SG,2022,False,N
foxde01,24,0.549,3.9,5.6,23.2,0.4,1.2,De'Aaron Fox,G,PG,2022,False,N
frazime01,25,0.313,4.3,0.3,10.7,0.0,0.3,Melvin Frazier,G,SG,2022,False,N
fraziti01,31,0.4306666666666667,1.1666666666666667,2.1999999999999997,2.6666666666666665,0.06666666666666667,0.19999999999999998,Tim Frazier,G,PG,2022,False,N
fultzma01,23,0.517,2.7,5.5,10.8,0.3,1.1,Markelle Fultz,G,PG,2022,False,N
gabriwe01,24,0.39525000000000005,2.825,0.35,3.6,0.3,0.15000000000000002,Wenyen Gabriel,F,PF,2022,False,N
gaffoda01,23,0.708,5.7,0.9,9.4,1.4,0.4,Daniel Gafford,C,C,2022,False,N
gallida01,33,0.579,4.7,1.5,11.7,0.2,0.4,Danilo Gallinari,F,PF,2022,False,N
gallola01,30,0.26933333333333337,2.6333333333333333,1.7666666666666666,1.9000000000000001,0.0,0.13333333333333333,Langston Galloway,G,SG,2022,False,N
garlada01,22,0.576,3.3,8.6,21.7,0.1,1.3,Darius Garland,G,PG,2022,True,N
garrema01,23,0.28,1.9,0.6,1.1,0.3,0.4,Marcus Garrett,G,SG,2022,False,N
garubus01,19,0.51,3.5,0.7,2.0,0.5,0.4,Usman Garuba,F,PF,2022,False,N
garzalu01,23,0.535,3.1,0.6,5.8,0.2,0.3,Luka Garza,C,C,2022,False,N
gayru01,35,0.539,4.4,1.0,8.1,0.3,0.5,Rudy Gay,F,PF,2022,False,N
georgpa01,31,0.538,6.9,5.7,24.3,0.4,2.2,Paul George,F,PF,2022,False,N
gibsota01,36,0.606,4.4,0.6,4.4,0.8,0.4,Taj Gibson,C,C,2022,False,N
giddejo01,19,0.478,7.8,6.4,12.5,0.4,0.9,Josh Giddey,F,SF,2022,False,N
gilgesh01,23,0.557,5.0,5.9,24.5,0.8,1.3,Shai Gilgeous-Alexander,G,PG,2022,False,N
gillan01,29,0.682,1.9,0.6,4.1,0.3,0.1,Anthony Gill,F,PF,2022,False,N
gillefr01,24,0.419,4.0,0.6,2.3,1.0,0.3,Freddie Gillespie,F,PF,2022,False,N
goberru01,29,0.732,14.7,1.1,15.6,2.1,0.7,Rudy Gobert,C,C,2022,True,N
goodwbr01,26,0.501,1.9,2.5,4.8,0.0,0.7,Brandon Goodwin,G,PG,2022,False,N
goodwjo01,23,0.0,0.5,0.0,0.0,0.0,0.0,Jordan Goodwin,G,SG,2022,False,N
gordoaa01,26,0.602,5.9,2.5,15.0,0.6,0.6,Aaron Gordon,F,PF,2022,False,N
gordoer01,33,0.614,2.0,2.7,13.4,0.3,0.5,Eric Gordon,G,SG,2022,False,N
grahade01,26,0.514,2.3,4.2,11.9,0.2,0.9,Devonte' Graham,G,PG,2022,False,N
grantje01,27,0.556,4.1,2.4,19.2,1.0,0.9,Jerami Grant,F,PF,2022,False,N
graveha01,25,0.629,2.6,2.5,6.3,0.1,0.6,Hassani Gravett,G,PG,2022,False,N
greenda02,34,0.561,2.5,1.0,5.9,0.6,1.0,Danny Green,F,SF,2022,False,N
greendr01,31,0.582,7.3,7.0,7.5,1.1,1.3,Draymond Green,F,PF,2022,True,N
greenja01,31,0.587,4.2,0.9,6.4,0.4,0.6,JaMychal Green,F,PF,2022,False,N
greenja02,28,0.637,4.2,0.9,7.2,0.5,1.0,Javonte Green,F,SF,2022,False,N
greenja05,19,0.547,3.4,2.6,17.3,0.3,0.7,Jalen Green,G,SG,2022,False,N
greenje02,35,0.627,3.1,1.3,10.3,0.4,0.4,Jeff Green,F,PF,2022,False,N
greenjo02,21,0.578,2.4,1.2,4.8,0.2,0.7,Josh Green,G,SG,2022,False,N
griffbl01,32,0.518,4.1,1.9,6.4,0.3,0.5,Blake Griffin,C,C,2022,False,N
grimequ01,21,0.565,2.0,1.0,6.0,0.2,0.7,Quentin Grimes,G,SG,2022,False,N
guyky01,24,0.526,0.9,0.9,3.9,0.1,0.4,Kyle Guy,G,SG,2022,False,N
hachiru01,23,0.579,3.8,1.1,11.3,0.2,0.5,Rui Hachimura,F,PF,2022,False,N
halibty01,21,0.5996666666666667,4.066666666666666,8.4,15.700000000000001,0.6333333333333333,1.7333333333333334,Tyrese Haliburton,G,SG-PG,2022,False,N
hallty01,24,0.0,0.0,0.0,0.0,0.0,0.0,Tyler Hall,G,SG,2022,False,N
hamptrj01,20,0.481,3.0,2.5,7.6,0.2,0.7,R.J. Hampton,G,SG,2022,False,N
hardati02,29,0.52,3.7,2.2,14.2,0.1,0.9,Tim Hardaway Jr.,G,SG,2022,False,N
hardeja01,32,0.5866666666666666,7.599999999999999,10.333333333333334,21.833333333333332,0.49999999999999994,1.2666666666666666,James Harden,G,PG,2022,True,N
harklma01,28,0.561,2.4,0.5,4.6,0.5,0.6,Maurice Harkless,F,SF,2022,False,N
harpeja01,24,0.666,0.4,2.8,7.4,0.2,0.8,Jared Harper,G,PG,2022,False,N
harremo01,28,0.6786666666666666,5.900000000000001,2.033333333333333,12.866666666666667,0.6,0.4000000000000001,Montrezl Harrell,C,C,2022,False,N
harriga01,27,0.571,2.0,1.8,11.1,0.1,1.0,Gary Harris,G,SG,2022,False,N
harrijo01,30,0.624,4.0,1.0,11.3,0.1,0.5,Joe Harris,F,SF,2022,False,N
harrish01,28,0.333,2.0,1.5,2.0,0.5,0.5,Shaquille Harrison,G,SG,2022,False,N
harrito02,29,0.566,6.8,3.5,17.2,0.6,0.6,Tobias Harris,F,PF,2022,False,N
harteis01,23,0.664,4.9,2.4,8.3,1.1,0.7,Isaiah Hartenstein,C,C,2022,False,N
hartjo01,26,0.612,6.8,4.166666666666667,16.066666666666666,0.2333333333333333,1.1333333333333335,Josh Hart,G,SG,2022,False,N
hasleud01,41,0.495,1.9,0.3,2.5,0.1,0.1,Udonis Haslem,C,C,2022,False,N
hausesa01,24,0.65,1.1,0.4,2.5,0.1,0.0,Sam Hauser,F,SF,2022,False,N
hayesja02,21,0.68,4.5,0.6,9.3,0.8,0.5,Jaxson Hayes,C,C,2022,False,N
hayeski01,20,0.461,3.2,4.2,6.9,0.5,1.2,Killian Hayes,G,PG,2022,False,N
haywago01,31,0.57,4.6,3.6,15.9,0.4,1.0,Gordon Hayward,F,SF,2022,False,N
henryaa01,22,0.2,0.2,0.0,0.3,0.3,0.0,Aaron Henry,F,SF,2022,False,N
hernaju01,26,0.48450000000000004,2.6,0.5249999999999999,3.0,0.25,0.325,Juancho Hernangómez,F,PF,2022,False,N
hernawi01,27,0.582,6.8,1.3,9.1,0.4,0.4,Willy Hernangómez,C,C,2022,False,N
herroty01,22,0.561,5.0,4.0,20.7,0.1,0.7,Tyler Herro,G,SG,2022,False,N
hieldbu01,29,0.5503333333333333,4.5,3.1666666666666665,16.066666666666666,0.3333333333333333,0.9333333333333332,Buddy Hield,G,SG,2022,False,N
highsha01,25,0.446,1.4,0.3,2.3,0.2,0.1,Haywood Highsmith,F,SF,2022,False,N
hillge01,35,0.552,2.9,2.2,6.2,0.1,0.8,George Hill,G,PG,2022,False,N
hillma01,26,0.6859999999999999,1.8666666666666665,0.3666666666666667,4.3,0.19999999999999998,0.6333333333333334,Malcolm Hill,GF,SF-SG,2022,False,N
hillso01,30,0.2,1.8,0.9,0.6,0.2,0.3,Solomon Hill,F,SF,2022,False,N
hintona01,22,0.0,0.0,0.0,0.0,0.0,0.0,Nate Hinton,G,SG,2022,False,N
hoardja01,22,0.536,12.0,2.4,14.7,0.7,0.9,Jaylen Hoard,F,SF,2022,False,N
holidaa01,25,0.543,2.0,2.5666666666666664,6.3999999999999995,0.10000000000000002,0.6999999999999998,Aaron Holiday,G,PG,2022,False,N
holidjr01,31,0.593,4.5,6.8,18.3,0.4,1.6,Jrue Holiday,G,PG,2022,False,N
holidju01,32,0.533,2.5333333333333337,1.6666666666666667,9.8,0.4666666666666666,0.7666666666666666,Justin Holiday,GF,SF-SG,2022,False,N
holmeri01,28,0.689,7.0,1.1,10.4,0.9,0.4,Richaun Holmes,C,C,2022,False,N
hoodro01,29,0.5219999999999999,1.3333333333333333,0.7000000000000001,3.0,0.13333333333333333,0.26666666666666666,Rodney Hood,F,PF-SF,2022,False,N
hopsosc01,32,0.5,1.0,1.0,4.0,0.0,0.0,Scotty Hopson,G,SG,2022,False,N
horfoal01,35,0.574,7.7,3.4,10.2,1.3,0.7,Al Horford,C,C,2022,False,N
hortota01,21,0.503,3.2,2.7,10.0,0.5,1.0,Talen Horton-Tucker,G,SG,2022,False,N
houseda01,28,0.40800000000000003,2.0,0.8,4.375,0.3,0.35,Danuel House Jr.,F,SF,2022,False,N
howardw01,36,0.657,5.9,0.6,6.2,0.6,0.6,Dwight Howard,C,C,2022,False,N
howarma02,22,0.567,0.4,0.2,4.1,0.0,0.3,Markus Howard,G,SG,2022,False,N
huertke01,23,0.57,3.4,2.7,12.1,0.4,0.7,Kevin Huerter,F,SF,2022,False,N
huffja01,23,0.0,1.0,0.3,0.0,0.3,0.3,Jay Huff,C,C,2022,False,N
hugheel01,23,0.459,1.5666666666666664,0.5666666666666667,3.4666666666666663,0.20000000000000004,0.39999999999999997,Elijah Hughes,GF,SG-SF,2022,False,N
huntede01,24,0.547,3.3,1.3,13.4,0.4,0.7,De'Andre Hunter,F,SF,2022,False,N
huntfe01,22,0.0,0.5,0.5,0.0,0.0,0.5,Feron Hunt,F,SF,2022,False,N
hutchch01,25,0.694,0.8,0.3,0.7,0.0,0.0,Chandler Hutchison,F,SF,2022,False,N
hylanbo01,21,0.558,2.7,2.8,10.1,0.3,0.6,Bones Hyland,G,SG,2022,False,N
ibakase01,32,0.5823333333333333,4.733333333333333,0.8666666666666666,6.8,0.5666666666666665,0.20000000000000004,Serge Ibaka,C,C,2022,False,N
iguodan01,38,0.478,3.2,3.7,4.0,0.7,0.9,Andre Iguodala,F,SF,2022,False,N
inglejo01,34,0.551,2.9,3.5,7.2,0.1,0.5,Joe Ingles,F,SF,2022,False,N
ingrabr01,24,0.554,5.8,5.6,22.7,0.5,0.6,Brandon Ingram,F,SF,2022,False,N
irvinky01,29,0.592,4.4,5.8,27.4,0.6,1.4,Kyrie Irving,G,PG,2022,False,N
iwundwe01,27,0.557,4.3,0.0,7.3,0.0,0.3,Wes Iwundu,F,SF,2022,False,N
jacksfr01,23,0.53,1.6,1.0,10.6,0.2,0.5,Frank Jackson,G,PG,2022,False,N
jacksis01,20,0.607,4.1,0.3,8.3,1.4,0.7,Isaiah Jackson,F,PF,2022,False,N
jacksja02,22,0.535,5.8,1.1,16.3,2.3,0.9,Jaren Jackson Jr.,F,PF,2022,False,N
jacksjo02,24,0.47933333333333333,2.5,0.9333333333333335,5.933333333333334,0.39999999999999997,0.4666666666666666,Josh Jackson,F,SF,2022,False,N
jacksju01,26,0.48933333333333334,0.7333333333333334,0.19999999999999998,2.1,0.0,0.0,Justin Jackson,F,SF,2022,False,N
jacksre01,31,0.488,3.6,4.8,16.8,0.2,0.7,Reggie Jackson,G,SG,2022,False,N
jamesle01,37,0.619,8.2,6.2,30.3,1.1,1.3,LeBron James,F,PF,2022,True,N
jarrede01,24,0.0,0.0,0.0,0.0,0.0,0.0,DeJon Jarreau,G,SG,2022,False,N
jeffrda01,24,0.5,0.7,0.3,0.7,0.0,0.0,DaQuan Jeffries,G,SG,2022,False,N
jeromty01,24,0.488,1.6,2.3,7.1,0.1,0.6,Ty Jerome,G,SG,2022,False,N
joeis01,22,0.519,1.0,0.6,3.6,0.1,0.3,Isaiah Joe,G,SG,2022,False,N
johnsal02,25,0.4235,3.075,0.3,1.8,0.0,0.225,Alize Johnson,F,PF,2022,False,N
johnsbj01,26,0.52,3.8,0.0,6.5,0.3,0.0,B.J. Johnson,F,SF,2022,False,N
johnsca02,25,0.625,4.1,1.5,12.5,0.2,0.9,Cameron Johnson,F,PF,2022,False,N
johnsda08,20,0.0,0.0,0.0,0.0,0.0,0.0,David Johnson,G,SG,2022,False,N
johnsja01,34,0.513,3.5,2.1,5.5,0.5,0.5,James Johnson,F,PF,2022,False,N
johnsja05,20,0.59,1.2,0.1,2.4,0.1,0.1,Jalen Johnson,F,PF,2022,False,N
johnsjo02,40,1.0,0.0,0.0,2.0,0.0,0.0,Joe Johnson,G,SG,2022,False,N
johnske04,22,0.574,6.1,2.1,17.0,0.2,0.8,Keldon Johnson,F,SF,2022,False,N
johnske07,19,0.45,2.1,1.9666666666666668,6.8,0.3,0.7666666666666666,Keon Johnson,G,SG,2022,False,N
johnsst04,25,0.564,3.2,1.7,6.7,0.3,0.9,Stanley Johnson,F,PF,2022,False,N
johnsty01,29,0.42500000000000004,2.0,1.2,2.8333333333333335,0.5,0.5,Tyler Johnson,G,PG,2022,False,N
jokicni01,26,0.661,13.8,7.9,27.1,0.9,1.5,Nikola Jokić,C,C,2022,True,Y
jonesca03,24,0.2763333333333333,0.5333333333333333,0.9,0.8333333333333334,0.0,0.16666666666666666,Carlik Jones,G,PG,2022,False,N
jonesda03,26,0.701,4.4,1.2,8.1,0.8,0.5,Damian Jones,C,C,2022,False,N
jonesde02,24,0.633,3.3,0.6,5.6,0.6,0.5,Derrick Jones Jr.,F,PF,2022,False,N
joneshe01,23,0.573,3.8,2.1,9.5,0.8,1.7,Herbert Jones,F,PF,2022,False,N
jonesje01,26,0.667,1.5,0.0,2.0,0.0,0.5,Jemerrio Jones,F,SF,2022,False,N
joneska01,21,0.628,0.5,0.2,1.0,0.1,0.0,Kai Jones,C,C,2022,False,N
jonesma05,23,0.625,2.5,1.0,6.8,0.0,0.5,Mason Jones,G,SG,2022,False,N
jonestr01,22,0.545,2.2,3.4,6.0,0.1,0.6,Tre Jones,G,PG,2022,False,N
jonesty01,25,0.544,2.4,4.4,8.7,0.0,0.9,Tyus Jones,G,PG,2022,False,N
jordade01,33,0.6376666666666667,5.566666666666666,0.43333333333333335,4.333333333333333,0.7000000000000001,0.2333333333333333,DeAndre Jordan,C,C,2022,False,N
josepco01,30,0.579,2.7,3.6,8.0,0.3,0.6,Cory Joseph,G,PG,2022,False,N
kalaige01,23,0.5356666666666667,1.9333333333333333,1.3,8.633333333333333,0.20000000000000004,1.1333333333333333,Georgios Kalaitzakis,F,SF,2022,False,N
kaminfr01,28,0.635,4.6,1.4,10.6,0.8,0.9,Frank Kaminsky,C,C,2022,False,N
kanteen01,29,0.585,4.6,0.2,3.7,0.4,0.1,Enes Freedom,C,C,2022,False,N
kennalu01,25,0.619,3.3,2.1,11.9,0.1,0.6,Luke Kennard,G,SG,2022,False,N
keybr01,24,0.5053333333333333,3.6,0.8666666666666667,5.599999999999999,0.7333333333333334,0.7999999999999999,Braxton Key,F,SF,2022,False,N
kingge03,28,0.085,1.3,0.0,0.3,0.0,0.0,George King,F,SF,2022,False,N
kinglo02,22,0.438,1.2,0.9,4.5,0.1,0.2,Louis King,F,SF,2022,False,N
kispeco01,22,0.586,2.7,1.1,8.2,0.3,0.5,Corey Kispert,F,SF,2022,False,N
klebima01,30,0.537,5.9,1.2,7.0,1.0,0.5,Maxi Kleber,F,PF,2022,False,N
knighbr03,30,0.561,1.6,1.6,6.4,0.0,0.2,Brandon Knight,G,PG,2022,False,N
knighna01,24,0.603,2.3,0.6,3.7,0.2,0.2,Nathan Knight,F,PF,2022,False,N
knoxke01,22,0.49233333333333335,1.5,0.3,3.1333333333333333,0.10000000000000002,0.13333333333333333,Kevin Knox,F,SF,2022,False,N
konchjo01,25,0.615,4.6,1.5,4.8,0.3,0.6,John Konchar,G,SG,2022,False,N
korkmfu01,24,0.502,2.6,1.9,7.6,0.1,0.5,Furkan Korkmaz,G,SG,2022,False,N
kornelu01,26,0.351,1.625,0.45,1.55,0.22499999999999998,0.125,Luke Kornet,C,C,2022,False,N
krejcvi01,21,0.529,3.4,1.9,6.2,0.3,0.6,Vit Krejci,G,SG,2022,False,N
kulboar01,24,0.0,0.0,0.0,0.0,0.0,0.0,Arnoldas Kulboka,F,SF,2022,False,N
kuminjo01,19,0.6,3.3,0.9,9.3,0.3,0.4,Jonathan Kuminga,F,SF,2022,False,N
kuzmaky01,26,0.547,8.5,3.5,17.1,0.9,0.6,Kyle Kuzma,F,PF,2022,False,N
lamban01,24,0.0,0.5,1.0,0.0,0.0,0.0,Anthony Lamb,F,SF,2022,False,N
lambje01,29,0.5196666666666666,2.9,1.5,7.433333333333333,0.43333333333333335,0.5666666666666667,Jeremy Lamb,GF,SF-SG,2022,False,N
landajo01,26,0.597,2.6,0.8,4.9,0.3,0.2,Jock Landale,C,C,2022,False,N
langfro01,22,0.521,1.8999999999999997,0.43333333333333335,4.0,0.2333333333333333,0.43333333333333335,Romeo Langford,G,SG,2022,False,N
lavinza01,26,0.605,4.6,4.5,24.4,0.3,0.6,Zach LaVine,G,SG,2022,True,N
laymaja01,27,0.5,1.1,0.3,2.4,0.1,0.2,Jake Layman,F,SF,2022,False,N
leeda03,29,0.561,3.2,1.0,7.4,0.1,0.6,Damion Lee,G,SG,2022,False,N
leesa01,22,0.499,2.4,2.9,5.6,0.3,1.0,Saben Lee,G,PG,2022,False,N
lenal01,28,0.577,4.1,1.2,6.0,0.6,0.3,Alex Len,C,C,2022,False,N
leverca01,27,0.5220000000000001,3.6333333333333333,4.2,16.433333333333334,0.39999999999999997,0.8666666666666667,Caris LeVert,G,SG,2022,False,N
lewiski01,20,0.466,1.6,2.0,5.9,0.0,0.5,Kira Lewis Jr.,G,PG,2022,False,N
lewissc01,21,0.568,0.0,0.5,0.5,0.0,0.5,Scottie Lewis,G,SG,2022,False,N
lillada01,31,0.55,4.1,7.3,24.0,0.4,0.6,Damian Lillard,G,PG,2022,False,N
littlna01,21,0.575,5.6,1.3,9.8,0.9,0.6,Nassir Little,F,SF,2022,False,N
liveris01,23,0.629,3.0,1.1,6.4,0.4,0.7,Isaiah Livers,F,SF,2022,False,N
looneke01,25,0.586,7.3,2.0,6.0,0.6,0.6,Kevon Looney,C,C,2022,False,N
lopezbr01,33,0.57,4.1,0.5,12.4,1.2,0.6,Brook Lopez,C,C,2022,False,N
lopezro01,33,0.57,3.5,1.5,7.1,0.5,0.1,Robin Lopez,C,C,2022,False,N
louzama01,22,0.36133333333333334,1.6666666666666667,0.5666666666666668,2.966666666666667,0.16666666666666666,0.16666666666666666,Didi Louzada,GF,SG-SF,2022,False,N
loveke01,33,0.594,7.2,2.2,13.6,0.2,0.4,Kevin Love,C,C,2022,False,N
lowryky01,35,0.6,4.5,7.5,13.4,0.3,1.1,Kyle Lowry,G,PG,2022,False,N
lundbga01,27,0.342,1.8,2.8,3.3,0.0,0.8,Gabriel Lundberg,G,SG,2022,False,N
luwawti01,26,0.556,1.6,0.8,4.4,0.1,0.3,Timothé Luwawu-Cabarrot,F,SF,2022,False,N
lylestr01,26,0.592,5.166666666666666,1.2,10.5,0.39999999999999997,0.3666666666666667,Trey Lyles,F,PF,2022,False,N
maledth01,20,0.5,2.6,2.2,7.1,0.2,0.6,Théo Maledon,G,PG,2022,False,N
mamuksa01,22,0.618,2.0,0.5,3.8,0.2,0.2,Sandro Mamukelashvili,F,PF,2022,False,N
mannte01,25,0.572,5.2,2.6,10.8,0.3,0.7,Terance Mann,F,SF,2022,False,N
manntr01,20,0.501,2.9,1.5,10.4,0.2,0.8,Tre Mann,G,PG,2022,False,N
marjabo01,33,0.615,1.7,0.1,4.3,0.1,0.0,Boban Marjanović,C,C,2022,False,N
markkla01,24,0.582,5.7,1.3,14.8,0.5,0.7,Lauri Markkanen,F,SF,2022,False,N
marshna01,24,0.505,2.6,1.1,5.7,0.1,0.6,Naji Marshall,F,SF,2022,False,N
martica02,26,0.611,3.8,1.1,9.2,0.5,1.0,Caleb Martin,F,SF,2022,False,N
martico01,26,0.579,4.0,2.5,7.7,0.5,1.2,Cody Martin,F,SF,2022,False,N
martike03,26,0.3253333333333333,1.5,0.5,4.0,0.19999999999999998,0.3,Kelan Martin,F,SF,2022,False,N
martike04,21,0.603,3.8,1.3,8.8,0.5,0.4,Kenyon Martin Jr.,F,SF,2022,False,N
mathega01,25,0.602,2.9,1.0,10.0,0.4,0.9,Garrison Mathews,G,SG,2022,False,N
mathida01,26,0.5,0.3,0.2,1.0,0.0,0.2,Dakota Mathias,G,SG,2022,False,N
matthwe02,35,0.536,1.9,0.7,5.1,0.2,0.5,Wesley Matthews,G,SG,2022,False,N
maxeyty01,21,0.594,3.2,4.3,17.5,0.4,0.7,Tyrese Maxey,G,PG,2022,False,N
mayssk01,24,0.589,0.9,0.6,2.9,0.0,0.3,Skylar Mays,G,SG,2022,False,N
mcbrimi01,21,0.393,1.1,1.0,2.2,0.0,0.4,Miles McBride,G,PG,2022,False,N
mccluma01,23,0.7240000000000001,1.5,0.5,4.0,0.5,0.5,Mac McClung,G,SG-PG,2022,False,N
mccolcj01,30,0.555,4.366666666666666,5.133333333333333,22.3,0.3333333333333333,1.1333333333333335,CJ McCollum,G,SG,2022,False,N
mccontj01,29,0.525,3.3,4.9,8.5,0.4,1.1,T.J. McConnell,G,PG,2022,False,N
mcdanja01,24,0.595,3.1,1.1,6.2,0.4,0.5,Jalen McDaniels,F,SF,2022,False,N
mcdanja02,21,0.553,4.2,1.1,9.2,0.8,0.7,Jaden McDaniels,F,PF,2022,False,N
mcderdo01,30,0.593,2.3,1.3,11.3,0.1,0.3,Doug McDermott,F,PF,2022,False,N
mcgeeja01,34,0.651,6.7,0.6,9.2,1.1,0.3,JaVale McGee,C,C,2022,False,N
mcgrica01,24,0.47,5.0,1.0,4.7,0.3,0.0,Cameron McGriff,F,SF,2022,False,N
mcgruro01,30,0.577,2.2,0.9,5.4,0.1,0.4,Rodney McGruder,G,SG,2022,False,N
mckinal01,29,0.457,1.9,0.3,3.5,0.2,0.1,Alfonzo McKinnie,F,SF,2022,False,N
mclauja01,24,0.0,0.0,0.5,0.0,0.0,0.0,JaQuori McLaughlin,G,PG,2022,False,N
mclaujo01,25,0.535,1.5,2.9,3.8,0.2,0.9,Jordan McLaughlin,G,PG,2022,False,N
mclembe01,28,0.567,1.6,0.9,10.2,0.2,0.6,Ben McLemore,G,SG,2022,False,N
meltode01,23,0.529,4.5,2.7,10.8,0.5,1.4,De'Anthony Melton,G,SG,2022,False,N
merrisa01,25,0.485,1.2,0.7,4.2,0.0,0.0,Sam Merrill,G,SG,2022,False,N
metuch01,24,0.546,5.6,1.0,8.9,0.5,0.9,Chimezie Metu,C,C,2022,False,N
middlkh01,30,0.577,5.4,5.4,20.1,0.3,1.2,Khris Middleton,F,SF,2022,True,N
milescj01,34,0.0,0.0,0.0,0.0,0.0,0.0,C.J. Miles,G,SG,2022,False,N
millspa01,36,0.4666666666666666,3.3333333333333335,0.8333333333333334,3.5333333333333337,0.3666666666666667,0.3666666666666667,Paul Millsap,C,C,2022,False,N
millspa02,33,0.563,1.9,2.3,11.4,0.2,0.6,Patty Mills,G,SG,2022,False,N
miltosh01,25,0.517,2.6,2.5,8.2,0.3,0.5,Shake Milton,G,SG,2022,False,N
mitchda01,23,0.489,2.2,4.2,11.5,0.3,0.7,Davion Mitchell,G,PG,2022,False,N
mitchdo01,25,0.572,4.2,5.3,25.9,0.2,1.5,Donovan Mitchell,G,SG,2022,True,N
mobleev01,20,0.549,8.3,2.5,15.0,1.7,0.8,Evan Mobley,F,PF,2022,False,N
monkma01,23,0.597,3.4,2.9,13.8,0.4,0.8,Malik Monk,G,SG,2022,False,N
monrogr01,31,0.5813999999999999,4.5600000000000005,1.5,5.220000000000001,0.6799999999999999,0.54,Greg Monroe,C,C,2022,False,N
moodymo01,19,0.573,1.5,0.4,4.4,0.2,0.1,Moses Moody,G,SG,2022,False,N
moonema01,24,0.0,0.0,0.0,0.0,0.0,1.0,Matt Mooney,G,SG,2022,False,N
moonxa01,27,0.545,1.4,2.4,5.8,0.3,0.7,Xavier Moon,G,SG,2022,False,N
moranja01,22,0.575,5.7,6.7,27.4,0.4,1.2,Ja Morant,G,PG,2022,True,N
morgaju01,24,0.5553333333333333,2.0,0.5,2.5,0.0,0.0,Juwan Morgan,F,PF,2022,False,N
morrija01,26,0.129,0.7,0.7,0.7,0.0,0.0,Jaylen Morris,G,SG,2022,False,N
morrima02,32,0.547,2.6,1.4,7.6,0.1,0.4,Markieff Morris,F,PF,2022,False,N
morrima03,32,0.549,4.4,2.1,15.4,0.3,0.5,Marcus Morris,F,PF,2022,False,N
morrimo01,26,0.583,3.0,4.4,12.6,0.2,0.7,Monte Morris,G,PG,2022,False,N
mudiaem01,25,0.399,0.0,2.0,1.5,0.0,0.5,Emmanuel Mudiay,G,PG,2022,False,N
muldemy01,27,0.49533333333333335,1.4333333333333333,0.5,4.933333333333334,0.2333333333333333,0.16666666666666666,Mychal Mulder,G,PG,2022,False,N
murkead01,24,0.0,0.0,0.0,0.0,0.0,0.0,Ade Murkey,G,SG,2022,False,N
murphtr02,21,0.558,2.4,0.6,5.4,0.1,0.4,Trey Murphy III,F,SF,2022,False,N
murrade01,25,0.533,8.3,9.2,21.1,0.3,2.0,Dejounte Murray,G,PG,2022,True,N
muscami01,30,0.63,3.0,0.5,8.0,0.6,0.4,Mike Muscala,C,C,2022,False,N
mykhasv01,24,0.509,1.6,0.8,4.6,0.1,0.5,Svi Mykhailiuk,F,SF,2022,False,N
naderab01,28,0.431,1.9,0.5,2.4,0.3,0.6,Abdel Nader,F,SF,2022,False,N
nancela02,29,0.5996666666666667,5.1000000000000005,1.5666666666666667,7.066666666666666,0.5333333333333333,0.8333333333333334,Larry Nance Jr.,FC,C-PF,2022,False,N
nembhrj01,22,0.38,0.5,0.9,1.1,0.0,0.1,RJ Nembhard Jr.,G,SG,2022,False,N
nesmiaa01,22,0.507,1.7,0.4,3.8,0.1,0.4,Aaron Nesmith,F,SF,2022,False,N
netora01,29,0.538,1.9,3.1,7.5,0.0,0.8,Raul Neto,G,PG,2022,False,N
newmama01,24,0.68,1.0,1.0,8.0,0.0,0.0,Malik Newman,G,PG,2022,False,N
niangge01,28,0.594,2.7,1.3,9.2,0.2,0.4,Georges Niang,F,PF,2022,False,N
nixda01,19,0.48,1.4,1.7,3.2,0.0,0.6,Daishen Nix,G,SG,2022,False,N
nnajize01,21,0.629,3.6,0.4,6.6,0.3,0.4,Zeke Nnaji,F,PF,2022,False,N
noelne01,27,0.581,5.6,0.9,3.4,1.2,1.2,Nerlens Noel,C,C,2022,False,N
nowelja01,22,0.581,2.0,2.1,8.5,0.2,0.4,Jaylen Nowell,G,SG,2022,False,N
ntilila01,23,0.513,1.4,1.2,4.1,0.1,0.5,Frank Ntilikina,G,SG,2022,False,N
nurkiju01,27,0.586,11.1,2.8,15.0,0.6,1.1,Jusuf Nurkić,C,C,2022,False,N
nwabada01,29,0.567,3.3,0.8,5.1,0.4,0.6,David Nwaba,F,SF,2022,False,N
nworajo01,23,0.506,3.6,1.0,7.9,0.3,0.4,Jordan Nwora,F,SF,2022,False,N
ojelese01,27,0.461,2.3333333333333335,0.3333333333333333,3.433333333333333,0.19999999999999998,0.2333333333333333,Semi Ojeleye,F,PF,2022,False,N
okekech01,23,0.501,5.0,1.7,8.6,0.6,1.4,Chuma Okeke,F,PF,2022,False,N
okogijo01,23,0.526,1.4,0.5,2.7,0.2,0.5,Josh Okogie,G,SG,2022,False,N
okongon01,21,0.714,5.9,1.1,8.2,1.3,0.6,Onyeka Okongwu,C,C,2022,False,N
okorois01,21,0.589,3.0,1.8,8.8,0.3,0.8,Isaac Okoro,F,SF,2022,False,N
okpalkz01,22,0.521,2.0,0.7,3.7,0.3,0.2,KZ Okpala,F,PF,2022,False,N
oladivi01,29,0.608,2.9,3.5,12.4,0.1,0.6,Victor Oladipo,G,SG,2022,False,N
oliveca01,25,0.705,3.0,1.5,11.5,0.5,0.5,Cameron Oliver,F,SF,2022,False,N
olynyke01,30,0.561,4.4,2.8,9.1,0.5,0.8,Kelly Olynyk,C,C,2022,False,N
omorueu01,24,0.518,1.8,0.5,1.8,0.0,0.0,Eugene Omoruyi,F,SF,2022,False,N
onealro01,28,0.608,4.8,2.5,7.4,0.4,1.1,Royce O'Neale,F,SF,2022,False,N
onimi01,24,0.265,0.4,0.3,0.3,0.0,0.0,Miye Oni,G,SG,2022,False,N
osmande01,26,0.563,2.2,2.0,10.7,0.2,0.8,Cedi Osman,F,SF,2022,False,N
oturuda01,22,0.549,1.7,0.0,3.0,0.7,0.0,Daniel Oturu,C,C,2022,False,N
oubreke01,26,0.56,4.0,1.1,15.0,0.4,1.0,Kelly Oubre Jr.,F,SF,2022,False,N
paigeja01,27,0.0,1.0,1.0,0.0,0.0,0.0,Jaysean Paige,G,PG,2022,False,N
palmetr01,27,0.0,2.0,0.0,0.0,0.0,0.0,Trayvon Palmer,G,SG,2022,False,N
pangoke01,29,0.408,0.5,1.3,1.6,0.0,0.1,Kevin Pangos,G,PG,2022,False,N
parkeja01,26,0.632,2.3,0.5,4.4,0.1,0.3,Jabari Parker,F,PF,2022,False,N
pascher01,25,0.612,1.8,0.6,5.8,0.1,0.2,Eric Paschall,F,PF,2022,False,N
paulch01,36,0.581,4.4,10.8,14.7,0.3,1.9,Chris Paul,G,PG,2022,True,N
payneca01,27,0.5,3.0,4.9,10.8,0.3,0.7,Cameron Payne,G,PG,2022,False,N
paytoel01,27,0.397,1.8,2.0,3.0,0.1,0.5,Elfrid Payton,G,PG,2022,False,N
paytoga02,29,0.679,3.5,0.9,7.1,0.3,1.4,Gary Payton II,G,SG,2022,False,N
pelleno01,28,0.6,2.0,0.0,2.0,0.3,0.0,Norvel Pelle,C,C,2022,False,N
perryre01,21,0.6896666666666667,3.6,0.8333333333333334,7.066666666666666,0.4333333333333333,0.6333333333333333,Reggie Perry,F,PF,2022,False,N
pickeja01,24,0.491,2.5,0.5,3.8,0.5,0.0,Jamorko Pickett,F,PF,2022,False,N
pinsoth01,26,0.553,1.1,0.9,2.5,0.1,0.3,Theo Pinson,F,SF,2022,False,N
plumlma01,31,0.603,7.7,3.1,6.5,0.7,0.8,Mason Plumlee,C,C,2022,False,N
poeltja01,26,0.613,9.3,2.8,13.5,1.7,0.7,Jakob Poeltl,C,C,2022,False,N
pokusal01,20,0.485,5.2,2.1,7.6,0.6,0.6,Aleksej Pokusevski,F,PF,2022,False,N
ponsyv01,22,0.385,1.0,0.1,1.1,0.3,0.1,Yves Pons,F,SF,2022,False,N
poolejo01,22,0.598,3.4,4.0,18.5,0.3,0.8,Jordan Poole,G,SG,2022,False,N
porteke02,21,0.531,4.4,6.2,15.6,0.4,1.1,Kevin Porter Jr.,G,PG,2022,False,N
portemi01,23,0.416,6.6,1.9,9.9,0.2,1.1,Michael Porter Jr.,F,SF,2022,False,N
porteot01,28,0.581,5.7,1.5,8.2,0.5,1.1,Otto Porter Jr.,F,PF,2022,False,N
portibo01,26,0.571,9.1,1.2,14.6,0.7,0.7,Bobby Portis,C,C,2022,False,N
porzikr01,26,0.5813333333333333,8.200000000000001,2.4,20.5,1.5999999999999999,0.6999999999999998,Kristaps Porziņģis,F,PF,2022,False,N
pottemi01,23,0.505,3.0,0.0,4.0,0.3,0.3,Micah Potter,C,C,2022,False,N
poweldw01,30,0.725,4.9,1.2,8.7,0.5,0.5,Dwight Powell,C,C,2022,False,N
powelmy01,24,0.364,0.5,0.3,1.2,0.0,0.1,Myles Powell,G,PG,2022,False,N
powelno01,28,0.626,3.1,2.3333333333333335,19.7,0.5666666666666668,0.7666666666666666,Norman Powell,GF,SF-SG,2022,False,N
primojo01,19,0.487,2.3,1.6,5.8,0.5,0.4,Joshua Primo,F,SF,2022,False,N
princta02,27,0.589,2.5,1.0,7.3,0.3,0.7,Taurean Prince,F,PF,2022,False,N
pritcpa01,24,0.578,1.9,2.0,6.2,0.1,0.4,Payton Pritchard,G,PG,2022,False,N
queentr01,24,0.619,1.6,0.4,4.3,0.1,0.5,Trevelin Queen,G,SG,2022,False,N
quetane01,22,0.495,2.2,0.4,3.2,0.6,0.1,Neemias Queta,C,C,2022,False,N
quickim01,22,0.543,3.2,3.5,11.3,0.0,0.7,Immanuel Quickley,G,PG,2022,False,N
ramseja01,20,0.468,0.7,0.4,3.2,0.1,0.1,Jahmi'us Ramsey,G,SG,2022,False,N
randlju01,27,0.509,9.9,5.1,20.1,0.5,0.7,Julius Randle,F,PF,2022,False,N
reaveau01,23,0.6,3.2,1.8,7.3,0.3,0.5,Austin Reaves,G,SG,2022,False,N
reddica01,22,0.5516666666666666,2.0,0.9333333333333332,9.366666666666667,0.3,0.9333333333333332,Cam Reddish,F,SF,2022,False,N
reedda01,26,0.624,2.3,1.1,4.4,0.2,0.5,Davon Reed,G,SG,2022,False,N
reedpa01,22,0.568,2.4,0.4,3.1,0.4,0.9,Paul Reed,C,C,2022,False,N
reidna01,22,0.588,3.9,0.9,8.3,0.9,0.5,Naz Reid,C,C,2022,False,N
richajo01,28,0.5733333333333333,2.8333333333333335,1.8666666666666665,10.433333333333332,0.39999999999999997,0.9,Josh Richardson,G,SG,2022,False,N
richani01,24,0.689,1.7,0.3,3.0,0.4,0.2,Nick Richards,C,C,2022,False,N
riverau01,29,0.546,1.7,1.3,6.0,0.1,0.8,Austin Rivers,G,SG,2022,False,N
robindu01,27,0.573,2.6,1.6,10.9,0.2,0.5,Duncan Robinson,G,SG,2022,False,N
robinje02,21,0.526,5.6,1.0,7.5,0.3,0.6,Jeremiah Robinson-Earl,C,C,2022,False,N
robinju01,24,0.35025,0.825,1.25,3.05,0.05,0.275,Justin Robinson,G,PG,2022,False,N
robinmi01,23,0.722,8.6,0.5,8.5,1.8,0.8,Mitchell Robinson,C,C,2022,False,N
robyis01,23,0.607,4.8,1.6,10.1,0.8,0.8,Isaiah Roby,F,PF,2022,False,N
rondora01,35,0.482,2.766666666666667,4.333333333333334,4.7,0.16666666666666666,0.7999999999999999,Rajon Rondo,G,PG,2022,False,N
rosede01,33,0.541,3.0,4.0,12.0,0.5,0.8,Derrick Rose,G,PG,2022,False,N
rosste01,30,0.515,2.6,1.8,10.0,0.2,0.4,Terrence Ross,G,SG,2022,False,N
roziete01,27,0.566,4.3,4.5,19.3,0.3,1.3,Terry Rozier,G,SG,2022,False,N
rubiori01,31,0.488,4.1,6.6,13.1,0.2,1.4,Ricky Rubio,G,PG,2022,False,N
russeda01,25,0.544,3.3,7.1,18.1,0.3,1.0,D'Angelo Russell,G,PG,2022,False,N
ryanma01,24,0.3,0.0,0.0,3.0,0.0,1.0,Matt Ryan,F,SF,2022,False,N
sabondo01,25,0.6296666666666667,12.166666666666666,5.333333333333333,18.9,0.39999999999999997,0.9666666666666667,Domantas Sabonis,FC,PF-C,2022,False,N
sarrol01,22,0.672,4.2,0.9,7.0,0.7,0.3,Olivier Sarr,C,C,2022,False,N
satorto01,30,0.5622499999999999,2.025,2.65,3.575,0.07500000000000001,0.4,Tomáš Satoranský,G,SG-PG-SF,2022,False,N
schakjo01,23,0.21,2.0,0.0,1.3,0.0,0.3,Jordan Schakel,G,SG,2022,False,N
schofad01,24,0.538,2.3,0.7,3.8,0.1,0.1,Admiral Schofield,F,SF,2022,False,N
schrode01,28,0.5336666666666666,3.2999999999999994,4.9,12.933333333333332,0.13333333333333333,0.8000000000000002,Dennis Schröder,G,SG-PG,2022,False,N
scotttr01,25,0.5,1.0,0.0,3.0,0.5,0.5,Tre Scott,F,SF,2022,False,N
scrubja01,21,0.486,0.9,0.4,2.7,0.2,0.2,Jay Scrubb,G,SG,2022,False,N
seldewa01,27,0.434,0.3,0.3,1.7,0.0,0.0,Wayne Selden,G,SG,2022,False,N
sengual01,19,0.552,5.5,2.6,9.6,0.9,0.8,Alperen Şengün,C,C,2022,False,N
sextoco01,23,0.523,3.3,2.1,16.0,0.0,0.9,Collin Sexton,G,SG,2022,False,N
shamela01,24,0.55,1.8,1.6,8.3,0.1,0.4,Landry Shamet,G,SG,2022,False,N
sharpda01,20,0.593,5.0,0.5,6.2,0.5,0.3,Day'Ron Sharpe,F,PF,2022,False,N
siakapa01,27,0.565,8.5,5.3,22.8,0.6,1.3,Pascal Siakam,F,PF,2022,False,N
silvach01,25,0.42733333333333334,2.8333333333333335,0.5,1.8333333333333333,0.06666666666666667,0.0,Chris Silva,F,PF,2022,False,N
simonan01,22,0.583,2.6,3.9,17.3,0.1,0.5,Anfernee Simons,G,SG,2022,False,N
simonma01,22,0.428,1.1,0.0,1.9,0.1,0.1,Marko Simonovic,C,C,2022,False,N
simpsza01,24,0.406,5.3,7.5,11.0,1.0,1.3,Zavier Simpson,G,PG,2022,False,N
simsje01,23,0.674,4.1,0.5,2.2,0.5,0.3,Jericho Sims,F,PF,2022,False,N
sirvyde01,21,0.15,2.0,0.3,1.0,0.3,1.0,Deividas Sirvydis,G,SG,2022,False,N
smartja01,22,0.445,1.4000000000000001,0.8333333333333334,3.466666666666667,0.2333333333333333,0.39999999999999997,Javonte Smart,G,PG,2022,False,N
smartma01,27,0.54,3.8,5.9,12.1,0.3,1.7,Marcus Smart,G,PG,2022,False,N
smithde03,24,0.474,2.4,3.6,5.6,0.3,1.2,Dennis Smith Jr.,G,PG,2022,False,N
smithis01,33,0.4626666666666666,2.2333333333333334,3.866666666666667,6.466666666666666,0.39999999999999997,0.7333333333333334,Ish Smith,G,PG,2022,False,N
smithja04,21,0.59,6.133333333333333,0.5,9.533333333333333,0.7999999999999999,0.3,Jalen Smith,F,PF,2022,False,N
sneedxa01,24,0.18766666666666665,0.7666666666666666,0.06666666666666667,0.4333333333333333,0.0,0.0,Xavier Sneed,F,SF,2022,False,N
snellto01,30,0.545,1.9666666666666668,0.5,4.0,0.16666666666666666,0.3333333333333333,Tony Snell,G,SG,2022,False,N
sprinja01,19,1.0,1.0,0.0,1.0,1.0,0.0,Jaden Springer,G,SG,2022,False,N
stanlca01,22,0.516,2.1,0.4,5.8,0.2,0.6,Cassius Stanley,G,SG,2022,False,N
stausni01,28,0.5379999999999999,0.6333333333333333,0.3333333333333333,3.0,0.0,0.0,Nik Stauskas,G,SG,2022,False,N
stephla01,31,0.4913333333333334,2.6999999999999997,3.1,6.466666666666668,0.06666666666666667,0.3666666666666667,Lance Stephenson,G,PG-SG,2022,False,N
stevela01,24,0.544,2.6,0.7,6.1,0.3,0.5,Lamar Stevens,F,PF,2022,False,N
stewais01,20,0.55,8.7,1.2,8.3,1.1,0.3,Isaiah Stewart,C,C,2022,False,N
strusma01,25,0.614,3.0,1.4,10.6,0.2,0.4,Max Strus,F,SF,2022,False,N
suggsja01,20,0.455,3.6,4.4,11.8,0.4,1.2,Jalen Suggs,G,PG,2022,False,N
swordcr01,28,0.75,0.0,0.3,2.0,0.0,1.3,Craig Sword,G,SG,2022,False,N
sykeske01,28,0.456,1.4,1.9,5.6,0.1,0.4,Keifer Sykes,G,PG,2022,False,N
tateja01,26,0.567,5.4,2.8,11.8,0.5,0.9,Jae'Sean Tate,F,PF,2022,False,N
tatumja01,23,0.578,8.0,4.4,26.9,0.6,1.0,Jayson Tatum,F,SF,2022,True,N
taylote01,22,0.656,5.2,1.2,9.6,0.2,0.4,Terry Taylor,G,SG,2022,False,N
templga01,35,0.494,2.4,1.3,5.2,0.4,0.7,Garrett Temple,G,SG,2022,False,N
terryem01,25,0.0,5.0,0.7,0.0,0.0,0.3,Emanuel Terry,F,PF,2022,False,N
terryty01,21,1.0,0.0,0.0,1.0,0.0,0.0,Tyrell Terry,G,PG,2022,False,N
teskejo01,24,0.0,0.7,0.3,0.0,0.0,0.3,Jon Teske,C,C,2022,False,N
theisda01,29,0.6023333333333333,4.866666666666667,0.9,8.166666666666666,0.6999999999999998,0.4000000000000001,Daniel Theis,C,C,2022,False,N
thomabr01,25,0.52,0.8,0.9,1.8,0.1,0.1,Brodric Thomas,G,SG,2022,False,N
thomaca02,20,0.519,2.4,1.2,8.5,0.1,0.5,Cam Thomas,G,SG,2022,False,N
thomais02,32,0.4675,1.125,2.1,8.0,0.22499999999999998,0.175,Isaiah Thomas,G,PG,2022,False,N
thomama02,27,0.564,1.3,0.5,4.0,0.1,0.2,Matt Thomas,G,SG,2022,False,N
thompkl01,31,0.547,3.9,2.8,20.4,0.5,0.5,Klay Thompson,G,SG,2022,False,N
thomptr01,30,0.5409999999999999,4.925,0.575,6.3,0.4,0.325,Tristan Thompson,F,PF,2022,False,N
thorjt01,19,0.525,1.3,0.6,2.0,0.3,0.2,JT Thor,F,PF,2022,False,N
thybuma01,24,0.594,2.3,1.1,5.7,1.1,1.7,Matisse Thybulle,G,SG,2022,False,N
tilliki02,23,0.452,1.7,0.6,3.3,0.4,0.6,Killian Tillie,C,C,2022,False,N
tillmxa01,23,0.51,3.0,1.2,4.8,0.3,0.9,Xavier Tillman Sr.,F,PF,2022,False,N
toddis01,20,0.349,1.0,0.3,1.7,0.2,0.3,Isaiah Todd,F,PF,2022,False,N
toppiob01,23,0.614,3.7,1.1,9.0,0.5,0.3,Obi Toppin,F,PF,2022,False,N
toscaju01,28,0.561,2.4,1.7,4.1,0.2,0.7,Juan Toscano-Anderson,F,SF,2022,False,N
townska01,26,0.64,9.8,3.6,24.6,1.1,1.0,Karl-Anthony Towns,C,C,2022,True,N
trentga02,23,0.546,2.7,2.0,18.3,0.3,1.7,Gary Trent Jr.,G,SG,2022,False,N
tuckepj01,36,0.593,5.5,2.1,7.6,0.2,0.8,P.J. Tucker,F,PF,2022,False,N
tuckera01,24,0.856,1.6333333333333335,2.1,4.566666666666666,0.0,0.8666666666666667,Rayjon Tucker,G,SG,2022,False,N
turnemy01,25,0.615,7.1,1.0,12.9,2.8,0.7,Myles Turner,C,C,2022,False,N
valanjo01,29,0.617,11.4,2.6,17.8,0.8,0.6,Jonas Valančiūnas,C,C,2022,False,N
valende01,28,0.5546666666666668,1.8333333333333333,0.3333333333333333,2.766666666666667,0.0,0.3666666666666667,Denzel Valentine,G,SG,2022,False,N
vandeja01,22,0.612,8.4,1.3,6.9,0.6,1.3,Jarred Vanderbilt,F,PF,2022,False,N
vanvlfr01,27,0.552,4.4,6.7,20.3,0.5,1.7,Fred VanVleet,G,PG,2022,True,N
vassede01,21,0.54,4.3,1.9,12.3,0.6,1.1,Devin Vassell,F,SF,2022,False,N
vincega01,25,0.551,1.9,3.1,8.7,0.2,0.9,Gabe Vincent,G,PG,2022,False,N
vucevni01,31,0.533,11.0,3.2,17.6,1.0,1.0,Nikola Vučević,C,C,2022,False,N
wadede01,25,0.584,2.9,1.0,5.3,0.1,0.6,Dean Wade,F,PF,2022,False,N
wagnefr01,20,0.559,4.5,2.9,15.2,0.4,0.9,Franz Wagner,F,SF,2022,False,N
wagnemo01,24,0.623,3.7,1.4,9.0,0.2,0.3,Moritz Wagner,C,C,2022,False,N
wainris01,27,0.494,1.2,0.3,2.4,0.1,0.4,Ish Wainright,F,PF,2022,False,N
walkeke02,31,0.537,3.0,3.5,11.6,0.2,0.7,Kemba Walker,G,PG,2022,False,N
walkelo01,23,0.512,2.6,2.2,12.1,0.3,0.6,Lonnie Walker IV,G,SG,2022,False,N
walkemj01,23,0.0,0.5,0.5,0.0,0.0,1.0,M.J. Walker,G,SG,2022,False,N
wallaty01,27,0.383,1.3,0.2,2.8,0.2,0.5,Tyrone Wallace,G,SG,2022,False,N
waltode01,26,0.342,3.3,7.0,6.3,1.3,2.3,Derrick Walton,G,PG,2022,False,N
wanambr01,32,0.49700000000000005,2.433333333333333,3.8666666666666667,4.7,0.19999999999999998,0.8333333333333334,Brad Wanamaker,G,PG,2022,False,N
washidu02,21,0.521,1.7,1.8,9.9,0.1,0.5,Duane Washington Jr.,G,PG,2022,False,N
washipj01,23,0.588,5.2,2.3,10.3,0.9,0.9,P.J. Washington,C,C,2022,False,N
watanyu01,27,0.524,2.4,0.6,4.3,0.4,0.3,Yuta Watanabe,F,SF,2022,False,N
waterli01,24,0.562,2.9,1.0,8.0,0.3,0.8,Lindy Waters III,G,SG,2022,False,N
watertr01,24,0.39666666666666667,1.0999999999999999,1.9333333333333333,3.1,0.0,1.5666666666666667,Tremont Waters,G,PG,2022,False,N
watfotr01,21,0.59,4.1,1.7,7.6,0.6,0.5,Trendon Watford,F,SF,2022,False,N
watsopa01,27,0.432,3.0,0.9,3.4,0.3,0.3,Paul Watson,F,SF,2022,False,N
weathqu01,25,0.647,1.3,0.5,2.7,0.1,0.1,Quinndary Weatherspoon,G,SG,2022,False,N
westbru01,33,0.512,7.4,7.1,18.5,0.3,1.0,Russell Westbrook,G,PG,2022,False,N
whiteco01,21,0.564,3.0,2.9,12.7,0.2,0.5,Coby White,G,PG,2022,False,N
whitede01,27,0.548,3.466666666666667,4.666666666666667,12.866666666666667,0.7666666666666667,0.8333333333333334,Derrick White,G,SG,2022,False,N
whiteha01,32,0.662,7.6,0.4,8.2,1.6,0.3,Hassan Whiteside,C,C,2022,False,N
wieskjo01,22,0.494,0.5,0.3,2.1,0.1,0.1,Joe Wieskamp,G,SG,2022,False,N
wiggiaa01,23,0.556,3.6,1.4,8.3,0.2,0.6,Aaron Wiggins,G,SG,2022,False,N
wiggian01,26,0.56,4.5,2.2,17.2,0.7,1.0,Andrew Wiggins,F,SF,2022,True,N
wiggili01,23,0.524,1.3,1.2,4.2,0.1,0.3,Lindell Wigginton,G,PG,2022,False,N
willibr03,22,0.476,3.1,3.9,12.9,0.4,1.0,Brandon Williams,G,PG,2022,False,N
willigr01,23,0.635,3.6,1.0,7.8,0.7,0.5,Grant Williams,F,PF,2022,False,N
willike04,27,0.532,4.5,2.2,7.4,0.2,0.9,Kenrich Williams,F,SF,2022,False,N
willilo02,35,0.5,1.6,1.9,6.3,0.1,0.5,Lou Williams,G,PG,2022,False,N
willipa01,20,0.637,4.1,0.9,9.0,0.5,0.5,Patrick Williams,F,PF,2022,False,N
williro04,24,0.745,9.6,2.0,10.0,2.2,0.9,Robert Williams,C,C,2022,False,N
willizi02,20,0.559,2.1,1.0,8.1,0.2,0.6,Ziaire Williams,F,SF,2022,False,N
wilsodj01,25,0.773,4.0,1.3,7.5,0.3,1.3,D.J. Wilson,F,PF,2022,False,N
windldy01,25,0.519,1.8,0.7,2.2,0.1,0.3,Dylan Windler,F,SF,2022,False,N
winslju01,25,0.478,4.7,2.033333333333333,6.866666666666667,0.5333333333333333,0.8666666666666666,Justise Winslow,F,PF,2022,False,N
winstca01,23,0.549,0.1,1.0,2.0,0.0,0.0,Cassius Winston,G,PG,2022,False,N
woodaro01,22,0.207,0.9,0.3,0.6,0.1,0.1,Robert Woodard II,F,SF,2022,False,N
woodch01,26,0.595,10.1,2.3,17.9,1.0,0.8,Christian Wood,C,C,2022,False,N
wrighde01,29,0.576,2.9,2.4,4.4,0.2,1.2,Delon Wright,G,SG,2022,False,N
wrighmc01,23,0.833,0.0,0.6,1.0,0.0,0.0,McKinley Wright IV,G,PG,2022,False,N
wrighmo01,23,0.3133333333333333,0.6,0.6,1.0,0.19999999999999998,0.0,Moses Wright,F,PF,2022,False,N
yorkga01,28,0.435,1.0,2.0,4.0,0.5,1.0,Gabe York,G,SG,2022,False,N
youngth01,33,0.5493333333333333,4.0,2.0,6.2,0.3333333333333333,1.0333333333333332,Thaddeus Young,F,PF,2022,False,N
youngtr01,23,0.603,3.7,9.7,28.4,0.1,0.9,Trae Young,G,PG,2022,True,N
yurtsom01,23,0.546,5.3,0.9,5.3,0.4,0.3,Omer Yurtseven,C,C,2022,False,N
zelleco01,29,0.627,4.6,0.8,5.2,0.2,0.3,Cody Zeller,C,C,2022,False,N
zubaciv01,24,0.66,8.5,1.6,10.3,1.0,0.5,Ivica Zubac,C,C,2022,False,N
